地名,センター,燃えるごみ,燃えないごみ,空きびん・ペットボトル
東区 青葉1丁目1番～12番，13番1～26号，33番，35番～46番,,日 水,月3,月1
東区 青葉1丁目上記以外,,火 金,月3,月1
東区 青葉2丁目,,日 水,月3,月1
東区 青葉3丁目43番3～5号，16～31号，45番6-15～17号，45番71～82号,,火 金,月3,月1
東区 青葉3丁目上記以外,,日 水,月3,月1
東区 青葉4～7丁目,,火 金,月3,月1
東区 大岳1～4丁目,,日 水,火1,火3
東区 貝塚団地,,火 金,水3,水1
東区 香椎１丁目26番31号（藤和香椎ホームズ）,,月 木,金2,金3
東区 香椎１丁目上記以外,,日 水,金3,金2
東区 香椎2～6丁目,,日 水,金3,金2
東区 大字香椎,,月 木,金3,金2
東区 香椎駅東1丁目12番の一部，15番21～25号，16番7～12号，18番～33番，34番18～32号，35番，36番，38番22号，40番22～25号,,日 水,水2,水4
東区 香椎駅東1丁目上記以外,,月 木,水2,水4
東区 香椎駅東2丁目,,月 木,水2,水4
東区 香椎駅東3丁目1番(6号を除く)，2番，3番18～20号，25号，4番7～11号，5番（54～75号を除く），6番，7番(7～9号を除く)，8番22～27号，30番，32番,,日 水,水2,水4
東区 香椎駅東3丁目上記以外,,月 木,水2,水4
東区 香椎駅東4丁目,,月 木,水2,水4
東区 香椎駅前1丁目1番，2番15～18号,,日 水,水2,水4
東区 香椎駅前1丁目上記以外,,月 木,水2,水4
東区 香椎駅前2丁目,,月 木,水2,水4
東区 香椎駅前3丁目3番，4番(16号，20号を除く),,月 木,水2,水4
東区 香椎駅前3丁目上記以外,,火 金,水2,水4
東区 香椎台1～4丁目,,月 木,火2,火4
東区 香椎台5丁目28番1～3号,,月 木,金3,金2
東区 香椎台5丁目上記以外,,月 木,火2,火4
東区 香椎団地,,火 金,火2,火4
東区 香椎照葉1～3丁目,,日 水,水2,水4
東区 香椎照葉4～7丁目,,火 金,水3,水1
東区 香椎浜1～4丁目,,火 金,火2,火4
東区 香住ヶ丘1～7丁目,,火 金,月2,月4
東区 大字勝馬,,日 水,火1,火3
東区 蒲田1～5丁目,,火 金,月3,月1
東区 大字上和白,,火 金,月1,月3
東区 雁の巣1丁目,,月 木,日1,日3
東区 雁の巣2丁目,,月 木,火1,火3
東区 郷口町,,火 金,木4,木2
東区 西戸崎1～6丁目,,日 水,火1,火3
東区 塩浜1丁目,,月 木,日1,日3
東区 塩浜2，3丁目,,月 木,火1,火3
東区 大字志賀島,,日 水,火1,火3
東区 下原1～3丁目,,月 木,金3,金2
"東区 下原4丁目1番～9番，10番7,8号，11番",,火 金,木1,木3
東区 下原4丁目上記以外,,月 木,木1,木3
東区 下原5丁目,,月 木,木1,木3
東区 社領1丁目,,火 金,木4,木2
東区 社領2丁目24番,,火 金,木4,木2
東区 社領2丁目上記以外,,日 水,木4,木2
東区 社領3丁目,,日 水,木4,木2
東区 城浜団地,,火 金,火4,火2
東区 高美台1～4丁目,,火 金,月1,月3
東区 多々良1丁目,,日 水,月4,月2
東区 多々良2丁目,,日 水,火3,火1
東区 多の津1～5丁目,,日 水,木3,木1
東区 千早1丁目,,火 金,木2,木4
東区 千早2丁目8番1～3号,,月 木,木2,木4
東区 千早2丁目上記以外,,火 金,木2,木4
東区 千早3丁目3番，4番,,火 金,木2,木4
東区 千早3丁目上記以外,,日 水,木2,木4
東区 千早4～6丁目,,日 水,木2,木4
東区 唐原1～7丁目,,火 金,木1,木3
東区 土井1丁目1番～10番，22番～24番,,日 水,月4,月2
東区 土井1丁目上記以外,,火 金,月4,月2
東区 土井2丁目1番～9番，12番～17番,,日 水,月4,月2
東区 土井2丁目上記以外,,火 金,月4,月2
東区 土井3，4丁目,,火 金,月4,月2
東区 長谷,,月 木,金3,金2
東区 名子1～3丁目,,火 金,月3,月1
東区 大字名子,,火 金,月3,月1
東区 名島1丁目,,日 水,火4,火2
東区 名島2丁目16番～28番，42番～44番,,日 水,火4,火2
東区 名島2丁目上記以外,,月 木,火4,火2
東区 名島3丁目,,月 木,火4,火2
東区 名島4丁目60番～63番,,日 水,火3,火1
東区 名島4丁目上記以外,,月 木,火3,火1
東区 名島5丁目6番15，17，19号，50番～55番，56番1～9号，35号,,日 水,火3,火1
東区 名島5丁目上記以外,,月 木,火3,火1
東区 奈多 1～3丁目,,月 木,日1,日3
東区 奈多団地,,日 水,火1,火3
東区 大字奈多,,月 木,火1,火3
東区 箱崎1～3丁目,,月 木,日4,日2
東区 箱崎4丁目,,火 金,水3,水1
東区 箱崎5丁目11番（野村ガーデン）,,月 木,水3,水1
東区 箱崎5丁目上記以外,,火 金,水3,水1
東区 箱崎6，7丁目,,月 木,水3,水1
東区 箱崎ふ頭1～6丁目,,月 木,水3,水1
東区 筥松1丁目,,火 金,木4,木2
東区 筥松2丁目,,火 金,日3,日1
東区 筥松3，4丁目,,月 木,日3,日1
東区 筥松新町,,火 金,木4,木2
東区 八田1～3丁目,,日 水,月4,月2
東区 八田4丁目,,日 水,金2,金3
東区 原田1丁目,,火 金,木4,木2
東区 原田2丁目,,日 水,木4,木2
東区 原田3丁目,,火 金,木4,木2
東区 原田4丁目,,日 水,木3,木1
東区 東浜1，2丁目,,月 木,水3,水1
東区 大字弘,,日 水,火1,火3
東区 二又瀬,,月 木,木3,木1
東区 二又瀬新町,,月 木,木3,木1
東区 馬出1丁目,,火 金,水4,水2
東区 馬出2～4丁目,,月 木,水4,水2
東区 馬出5～6丁目,,日 水,水4,水2
東区 舞松原1～3丁目,,日 水,金2,金3
東区 舞松原4丁目4番～6番,,月 木,金2,金3
東区 舞松原4丁目上記以外,,日 水,金2,金3
東区 舞松原5，6丁目,,日 水,金2,金3
東区 松香台1丁目,,月 木,木1,木3
東区 松香台2丁目,,火 金,木1,木3
東区 松崎1，2丁目,,日 水,火3,火1
東区 松崎3丁目42番7～11号， 25番1号,,月 木,火3,火1
東区 松崎3丁目上記以外,,日 水,火3,火1
東区 松崎4丁目8番,,月 木,火3,火1
東区 松崎4丁目上記以外,,日 水,火3,火1
東区 松島1～4丁目,,月 木,日3,日1
東区 松島5丁目1番～20番,,月 木,日3,日1
東区 松島5丁目上記以外,,日 水,日3,日1
東区 松島6丁目,,月 木,日3,日1
東区 松田1～3丁目,,火 金,木3,木1
東区 御島崎1丁目,,月 木,月2,月4
東区 御島崎2丁目,,火 金,月2,月4
東区 水谷1丁目,,日 水,金2,金3
東区 水谷2丁目24番～41番（香椎台団地）,,月 木,金2,金3
東区 水谷2丁目上記以外,,日 水,金2,金3
東区 水谷3丁目,,日 水,金2,金3
東区 三苫1～3丁目,,月 木,日1,日3
東区 三苫4，5丁目,,月 木,水1,水3
東区 三苫 6～8丁目,,月 木,日1,日3
東区 みどりが丘1～3丁目,,火 金,月3,月1
東区 美和台1～7丁目,,月 木,水1,水3
東区 美和台新町,,月 木,水1,水3
東区 若宮1～3丁目,,日 水,月4,月2
東区 若宮4，5丁目,,日 水,火3,火1
東区 和白1～4丁目,,火 金,月1,月3
東区 和白5丁目1番，2番，15番1～18号,,火 金,水1,水3
東区 和白5丁目上記以外,,月 木,水1,水3
東区 和白6丁目,,月 木,水1,水3
東区 和白丘1丁目3番～7番,,火 金,日2,日4
東区 和白丘1丁目上記以外,,月 木,日2,日4
東区 和白丘2丁目 1番，3番（36号，48号を除く）,,火 金,日2,日4
東区 和白丘2丁目 上記以外,,月 木,日2,日4
東区 和白丘3，4丁目,,月 木,日2,日4
東区 和白東1～4丁目,,火 金,日2,日4
東区 和白東5丁目22番，23番,,月 木,日2,日4
東区 和白東5丁目上記以外,,火 金,日2,日4
博多区 相生町1～3丁目,,月 木,金3,金2
博多区 青木1，2丁目,,火 金,水1,水3
博多区 井相田1～3丁目,,火 金,木3,木1
博多区 板付1丁目,,月 木,日4,日2
博多区 板付2，3丁目,,火 金,水4,水2
博多区 板付4丁目,,火 金,木3,木1
博多区 板付5丁目1番～15番,,火 金,木3,木1
博多区 板付5丁目16番～18番,,月 木,木3,木1
博多区 板付6丁目,,月 木,木3,木1
博多区 板付7丁目1番（板付南団地）,,火 金,木3,木1
博多区 板付7丁目上記以外,,月 木,木3,木1
博多区 大字板付868-2（グランピア空港南Ⅱ）,,月 木,日4,日2
博多区 大字板付868-2（グランピア空港南Ⅱ）,,月 木,日4,日2
博多区 大字板付上記以外,,月 木,水4,水2
博多区 浦田1，2丁目,,火 金,水2,水4
博多区 榎田1，2丁目,,火 金,日3,日1
博多区 大井1，2丁目,,火 金,木2,木4
博多区 沖浜町,,日 水,月1,月3
博多区 堅粕1丁目1番～20番,,火 金,日2,日4
博多区 堅粕1丁目上記以外,,月 木,日2,日4
博多区 堅粕2丁目1番～4番,,日 水,日2,日4
博多区 堅粕2丁目7番，13番,,火 金,日2,日4
博多区 堅粕2丁目20番～23番,,月 木,日2,日4
博多区 堅粕3，4丁目,,月 木,日2,日4
博多区 堅粕5丁目,,日 水,日2,日4
博多区 大字堅粕,,火 金,日3,日1
博多区 金の隈1～3丁目,,火 金,水2,水4
博多区 大字金隈,,火 金,水2,水4
博多区 上川端町,,日 水,月2,月4
博多区 上呉服町,,日 水,月2,月4
博多区 上牟田1～3丁目,,日 水,日3,日1
博多区 神屋町,,火 金,月1,月3
博多区 祇園町,,日 水,火1,火3
博多区 銀天町1～3丁目,,月 木,金3,金2
博多区 空港前1～5丁目,,火 金,木2,木4
博多区 寿町1～3丁目,,月 木,金3,金2
博多区 古門戸町,,火 金,月1,月3
博多区 御供所町,,日 水,月2,月4
博多区 三筑1，2丁目,,火 金,火4,火2
博多区 山王1，2丁目,,日 水,月3,月1
博多区 東雲町1丁目1番,,火 金,木4,木2
博多区 東雲町1丁目2番～5番,,日 水,木4,木2
博多区 東雲町2丁目1番,,火 金,木4,木2
博多区 東雲町2丁目2番，3番,,日 水,木4,木2
博多区 東雲町3丁目1番，2番,,火 金,木4,木2
博多区 東雲町3丁目3番，4番,,日 水,木4,木2
博多区 東雲町4丁目1番,,火 金,木4,木2
博多区 東雲町4丁目2番，3番,,日 水,木4,木2
博多区 下川端町,,火 金,月1,月3
博多区 下呉服町,,日 水,月2,月4
博多区 昭南町1～3丁目,,日 水,金3,金2
博多区 新和町1，2丁目,,日 水,月4,月2
博多区 須崎町,,火 金,月1,月3
博多区 住吉1，2丁目,,日 水,火2,火4
博多区 住吉3～5丁目,,月 木,火2,火4
博多区 石城町,,日 水,月1,月3
博多区 竹丘町1～3丁目,,月 木,月4,月2
博多区 竹下1，2丁目,,火 金,水3,水1
博多区 竹下3丁目,,月 木,水3,水1
博多区 竹下4，5丁目,,火 金,水3,水1
博多区 大博町,,日 水,月2,月4
博多区 築港本町,,火 金,月1,月3
博多区 千代1丁目,,火 金,日2,日4
博多区 千代2～6丁目,,火 金,日1,日3
博多区 月隈1～6丁目,,火 金,水2,水4
博多区 綱場町,,火 金,月1,月3
博多区 対馬小路,,火 金,月1,月3
博多区 店屋町,,日 水,月2,月4
博多区 東光1，2丁目,,日 水,日3,日1
博多区 東光寺町1丁目1番，2番，9番～14番，23番～25番,,日 水,水3,水1
博多区 東光寺町1丁目3番～8番，15番～22番,,月 木,水3,水1
博多区 東光寺町2丁目7番～9番,,月 木,水3,水1
博多区 東光寺町2丁目1番，2番，4番，6番,,日 水,水3,水1
博多区 那珂1，2丁目,,月 木,水3,水1
博多区 那珂3丁目 ,,月 木,日4,日2
博多区 那珂4～6丁目,,火 金,日4,日2
博多区 中呉服町,,日 水,月2,月4
博多区 中洲1～4丁目,,日 水,火1,火3
博多区 中洲5丁目,,火 金,火1,火3
博多区 中洲中島町,,火 金,月1,月3
博多区 奈良屋町,,火 金,月1,月3
博多区 西月隈1～3丁目,,月 木,日4,日2
博多区 西月隈4～6丁目,,月 木,水2,水4
博多区 西春町1丁目6番17号（ライオンズマンション南福岡第2）,,月 木,月4,月2
博多区 西春町1丁目上記以外,,日 水,月4,月2
博多区 西春町2～4丁目,,日 水,月4,月2
博多区 博多駅中央街,,日 水,火1,火3
博多区 博多駅東1～3丁目,,日 水,月3,月1
博多区 博多駅前1～4丁目,,日 水,火1,火3
博多区 博多駅南1～5丁目,,日 水,火3,火1
博多区 博多駅南6丁目,,日 水,月3,月1
博多区 春町1～3丁目,,日 水,木4,木2
"博多区 半道橋1,2丁目",,月 木,日3,日1
博多区 比恵町,,日 水,月3,月1
博多区 光丘町1～3丁目,,日 水,月4,月2
博多区 東公園,,火 金,日1,日3
博多区 東月隈1～5丁目,,火 金,水1,水3
博多区 東那珂1～3丁目,,月 木,日4,日2
博多区 東平尾1～3丁目,,火 金,水1,水3
博多区 東比恵1丁目,,日 水,日3,日1
博多区 東比恵2～4丁目,,火 金,日3,日1
博多区 南本町1、2丁目,,月 木,金3,金2
博多区 南八幡町1、2丁目,,月 木,金3,金2
博多区 美野島1～4丁目,,月 木,金2,金3
博多区 麦野1～3丁目,,火 金,木3,木1
博多区 麦野4～6丁目,,火 金,木4,木2
博多区 元町1～3丁目,,月 木,月4,月2
博多区 諸岡1丁目,,火 金,水4,水2
博多区 諸岡2丁目,,月 木,水4,水2
博多区 諸岡3丁目,,火 金,水4,水2
博多区 諸岡4～6丁目,,月 木,火4,火2
博多区 豊1，2丁目,,月 木,日3,日1
博多区 吉塚1，2丁目,,日 水,木1,木3
博多区 吉塚3丁目,,月 木,木1,木3
博多区 吉塚4丁目,,日 水,木1,木3
博多区 吉塚5～8丁目,,日 水,木2,木4
博多区 吉塚本町,,火 金,木2,木4
博多区 立花寺1，2丁目,,火 金,水2,水4
博多区 大字立花寺,,火 金,水2,水4
博多区 冷泉町,,日 水,月2,月4
中央区 赤坂1丁目,,火 金,金3,金2
中央区 赤坂2丁目,,日 水,金3,金2
中央区 赤坂3丁目,,日 水,木3,木1
中央区 荒津1，2丁目,,日 水,火1,火3
中央区 荒戸1丁目,,日 水,火1,火3
中央区 荒戸2丁目,,日 水,水1,水3
中央区 荒戸3丁目,,日 水,木1,木3
中央区 伊崎,,日 水,木1,木3
中央区 今泉1丁目,,月 木,火2,火4
中央区 今泉2丁目,,月 木,木2,木4
中央区 今川1，2丁目,,日 水,火4,火2
中央区 大手門1～3丁目,,日 水,月1,月3
中央区 大濠1，2丁目,,日 水,金3,金2
中央区 大濠公園,,日 水,金3,金2
中央区 大宮1，2丁目,,月 木,水2,水4
中央区 小笹1丁目,,月 木,水3,水1
中央区 小笹2丁目11番55号，13番4号，11号,,火 金,木3,木1
中央区 小笹2丁目上記以外,,火 金,水3,水1
中央区 小笹3丁目 ,,火 金,水3,水1
中央区 小笹4丁目,,月 木,日4,日2
中央区 小笹5丁目,,月 木,水3,水1
中央区 清川1～3丁目,,月 木,日2,日4
中央区 草香江1丁目,,日 水,金3,金2
中央区 草香江2丁目,,日 水,月4,月2
中央区 黒門,,日 水,火4,火2
中央区 警固1丁目,,火 金,木3,木1
中央区 警固2，3丁目,,日 水,木3,木1
中央区 御所ヶ谷,,火 金,月3,月1
中央区 桜坂1丁目,,日 水,木3,木1
中央区 桜坂2丁目,,日 水,火3,火1
中央区 桜坂3丁目1番～4番，6番77号 ※ただし，3番1号(ライオンズマンション桜坂）を除く｡,,火 金,火3,火1
中央区 桜坂3丁目11番35号，44号，46号，48号 エバーライフ桜坂,,月 木,火3,火1
中央区 桜坂3丁目上記以外,,日 水,火3,火1
中央区 笹丘1～3丁目,,月 木,日4,日2
中央区 山荘通3丁目,,火 金,月3,月1
中央区 白金1丁目,,月 木,水2,水4
中央区 白金2丁目,,月 木,金2,金3
中央区 地行1～4丁目,,日 水,木4,木2
中央区 地行浜1，2丁目,,火 金,水4,水2
中央区 浄水通,,火 金,月3,月1
中央区 城内,,日 水,金3,金2
中央区 高砂1丁目,,月 木,日2,日4
中央区 高砂2丁目,,月 木,金2,金3
中央区 谷1，2丁目,,日 水,火3,火1
中央区 大名1丁目,,火 金,木2,木4
中央区 大名2丁目9番（大名第2公団住宅），12番 （大名第1公団住宅）,,月 木,日1,日3
中央区 大名2丁目上記以外,,火 金,日1,日3
中央区 輝国1丁目1番,,日 水,水4,水2
中央区 輝国1丁目上記以外,,月 木,水4,水2
中央区 輝国2丁目 ,,月 木,水4,水2
中央区 天神1丁目,,日 水,木2,木4
中央区 天神2丁目,,火 金,木2,木4
中央区 天神3丁目,,月 木,日1,日3
中央区 天神4丁目,,火 金,日1,日3
中央区 天神5丁目1番,,月 木,日1,日3
中央区 天神5丁目上記以外,,火 金,日1,日3
中央区 唐人町1～3丁目,,日 水,木4,木2
中央区 鳥飼1～3丁目,,日 水,月4,月2
中央区 長浜1丁目,,月 木,日1,日3
中央区 長浜2丁目 ,,月 木,月1,月3
中央区 長浜3丁目,,月 木,日1,日3
中央区 那の川2丁目,,日 水,水2,水4
中央区 那の津1～5丁目,,月 木,日1,日3
中央区 西公園,,日 水,木1,木3
中央区 西中洲,,日 水,木2,木4
中央区 春吉1丁目,,日 水,金2,金3
中央区 春吉2，3丁目,,日 水,月2,月4
中央区 梅光園1～3丁目,,月 木,水4,水2
中央区 梅光園団地,,日 水,水4,水2
中央区 平尾1丁目,,月 木,日3,日1
中央区 平尾2丁目,,火 金,水2,水4
中央区 平尾3丁目,,火 金,日3,日1
中央区 平尾4，5丁目,,火 金,月3,月1
中央区 平丘町,,火 金,月3,月1
中央区 平尾浄水町,,火 金,月3,月1
中央区 福浜1，2丁目,,日 水,水1,水3
中央区 古小烏町,,火 金,月3,月1
中央区 平和3丁目,,日 水,水3,水1
中央区 平和5丁目13番38～66号，14番34～47号,,月 木,月3,月1
中央区 平和5丁目上記以外,,日 水,月3,月1
中央区 舞鶴1，2丁目,,月 木,日1,日3
中央区 舞鶴3丁目,,日 水,月1,月3
中央区 港1～3丁目,,日 水,火1,火3
中央区 薬院1丁目,,月 木,火2,火4
中央区 薬院2丁目,,日 水,火2,火4
中央区 薬院3丁目,,月 木,日3,日1
中央区 薬院4丁目,,火 金,日3,日1
中央区 薬院伊福町,,火 金,月3,月1
中央区 六本松1丁目,,月 木,金3,金2
中央区 六本松2，3丁目,,月 木,火3,火1
中央区 六本松4丁目,,月 木,水4,水2
中央区 渡辺通1丁目,,日 水,金2,金3
中央区 渡辺通2丁目,,月 木,日2,日4
中央区 渡辺通3丁目,,日 水,月2,月4
中央区 渡辺通4丁目,,月 木,月2,月4
中央区 渡辺通5丁目,,日 水,月2,月4
南区 井尻1丁目,,月 木,金3,金2
南区 井尻2，3丁目,,月 木,火4,火2
南区 井尻4，5丁目,,日 水,金3,金2
南区 市崎1，2丁目,,日 水,火1,火3
南区 大池1，2丁目,,日 水,火2,火4
南区 大楠1丁目,,月 木,月1,月3
南区 大楠2，3丁目,,火 金,月1,月3
南区 大橋1，2丁目,,日 水,木4,木2
南区 大橋3丁目5番(大橋県住),,日 水,木4,木2
南区 大橋3丁目上記以外,,月 木,木4,木2
南区 大橋4丁目,,月 木,木4,木2
南区 大橋団地,,日 水,月3,月1
南区 日佐1，2丁目,,日 水,木1,木3
南区 日佐3～5丁目,,火 金,木1,木3
南区 折立町,,日 水,金2,金3
南区 柏原1～7丁目,,火 金,日2,日4
南区 大字柏原,,火 金,日2,日4
南区 警弥郷1，2丁目,,日 水,木1,木3
南区 警弥郷3丁目,,日 水,木2,木4
南区 五十川1，2丁目,,月 木,火4,火2
南区 皿山1～4丁目,,火 金,水1,水3
南区 塩原1，2丁目,,日 水,月2,月4
南区 塩原3，4丁目,,日 水,月3,月1
南区 清水1～4丁目,,日 水,月2,月4
南区 大平寺1，2丁目,,火 金,日2,日4
南区 高木1丁目,,月 木,火4,火2
南区 高木2，3丁目,,月 木,金3,金2
南区 高宮1～5丁目,,日 水,火1,火3
南区 多賀1丁目11番(野間団地),,日 水,火2,火4
南区 多賀1丁目上記以外,,日 水,木3,木1
南区 多賀2丁目,,日 水,火2,火4
南区 玉川町,,日 水,月2,月4
南区 筑紫丘1，2丁目,,月 木,水4,水2
南区 鶴田1～4丁目,,火 金,日3,日1
南区 寺塚1丁目,,日 水,火3,火1
南区 寺塚2丁目,,日 水,火2,火4
南区 中尾1～3丁目,,火 金,水1,水3
南区 長丘1～5丁目,,月 木,火3,火1
南区 長住1～7丁目,,火 金,月4,月2
南区 那の川1，2丁目,,日 水,月1,月3
南区 西長住1～3丁目,,月 木,日1,日3
南区 野多目1，2丁目,,月 木,水2,水4
南区 野多目3丁目,,日 水,水2,水4
南区 野多目4丁目,,月 木,水2,水4
南区 野多目5丁目,,火 金,水2,水4
南区 野多目6丁目,,月 木,水2,水4
南区 野間1～4丁目,,日 水,木3,木1
南区 花畑1～4丁目,,火 金,日4,日2
南区 桧原1～6丁目,,火 金,日1,日3
南区 桧原7丁目,,月 木,日1,日3
南区 大字桧原,,火 金,日1,日3
南区 平和1，2丁目,,日 水,火2,火4
南区 平和4丁目,,月 木,火2,火4
南区 的場1，2丁目,,日 水,木1,木3
南区 南大橋1，2丁目,,月 木,水4,水2
南区 三宅1～3丁目,,月 木,水4,水2
南区 向野1丁目,,日 水,木3,木1
南区 向野2丁目,,日 水,月3,月1
南区 向新町1，2丁目,,月 木,金2,金3
南区 屋形原1～4丁目,,火 金,日4,日2
南区 屋形原5丁目,,火 金,日2,日4
南区 弥永1丁目,,火 金,木2,木4
南区 弥永2丁目,,日 水,木2,木4
南区 弥永3～5丁目,,火 金,木2,木4
南区 弥永団地,,火 金,木2,木4
南区 柳河内1丁目7番32号，8番(1号，56～58号を除く)，9番(10号，12号を除く),,日 水,月4,月2
南区 柳河内1丁目上記以外,,火 金,月4,月2
南区 柳河内2丁目,,火 金,水1,水3
南区 柳瀬1，2丁目,,火 金,木2,木4
南区 横手1～4丁目,,日 水,金2,金3
南区 横手南町,,日 水,木1,木3
南区 老司1丁目,,月 木,水2,水4
南区 老司2丁目,,月 木,日3,日1
南区 老司3丁目44番10号,,火 金,日3,日1
南区 老司3丁目上記以外,,月 木,日3,日1
南区 老司4丁目 ,,月 木,日3,日1
南区 老司5丁目,,火 金,日3,日1
南区 若久1丁目27番,,火 金,水3,水1
南区 若久1丁目35番，36番,,月 木,水3,水1
南区 若久1丁目上記以外,,日 水,水3,水1
南区 若久2，3丁目,,火 金,水3,水1
南区 若久4，5丁目,,日 水,水3,水1
南区 若久6丁目74番,,月 木,水3,水1
南区 若久6丁目74番以外,,火 金,水3,水1
南区 若久団地,,月 木,水3,水1
南区 和田1～4丁目,,月 木,水2,水4
城南区 荒江1丁目,,月 木,日4,日2
城南区 荒江団地,,月 木,日4,日2
城南区 飯倉1丁目,,日 水,日4,日2
城南区 梅林1，2丁目,,月 木,火1,火3
城南区 梅林3～5丁目,,月 木,水1,水3
城南区 大字梅林,,月 木,火1,火3
城南区 片江1丁目,,火 金,日3,日1
城南区 片江2～5丁目,,火 金,日1,日3
城南区 金山団地,,火 金,木2,木4
城南区 城西団地,,月 木,月4,月2
城南区 神松寺1～3丁目,,火 金,日3,日1
城南区 宝台団地,,火 金,月2,月4
城南区 田島1，2丁目,,月 木,水4,水2
城南区 田島3丁目,,月 木,火3,火1
城南区 田島4丁目1番～25番，27番～28番,,月 木,火3,火1
城南区 田島4丁目26番（田島団地）,,火 金,火3,火1
城南区 田島5，6丁目,,月 木,火3,火1
城南区 茶山1～3丁目,,月 木,金3,金2
城南区 茶山4～5丁目,,日 水,金3,金2
城南区 茶山6丁目,,月 木,金3,金2
城南区 堤1丁目,,火 金,火2,火4
城南区 堤2丁目,,火 金,木1,木3
城南区 堤団地,,火 金,火2,火4
城南区 友丘1丁目7番29～44号,,月 木,水3,水1
城南区 友丘1丁目上記以外,,火 金,水3,水1
城南区 友丘2～6丁目 ,,火 金,水3,水1
城南区 鳥飼4～6丁目,,日 水,木4,木2
城南区 鳥飼7丁目,,日 水,月4,月2
城南区 長尾1，2丁目,,火 金,木3,木1
城南区 長尾3～5丁目,,火 金,月3,月1
城南区 七隈1丁目,,日 水,日4,日2
城南区 七隈2～5丁目,,日 水,金2,金3
城南区 七隈6丁目,,月 木,水1,水3
城南区 七隈7，8丁目,,月 木,火1,火3
城南区 西片江1，2丁目,,火 金,月1,月3
城南区 樋井川1丁目,,火 金,火2,火4
城南区 樋井川2，3丁目,,火 金,水2,水4
城南区 樋井川4丁目,,火 金,月2,月4
城南区 樋井川5丁目,,火 金,水2,水4
城南区 樋井川6，7丁目,,火 金,月2,月4
城南区 東油山1丁目,,火 金,日2,日4
城南区 東油山2丁目,,火 金,木1,木3
城南区 東油山3～6丁目,,火 金,日2,日4
城南区 大字東油山,,火 金,日2,日4
城南区 別府1～3丁目,,月 木,火4,火2
城南区 別府4，5丁目,,月 木,月4,月2
城南区 別府6，7丁目,,月 木,水4,水2
城南区 別府団地15棟,,月 木,火4,火2
城南区 別府団地上記以外 ,,火 金,火4,火2
城南区 干隈1，2丁目,,月 木,水1,水3
城南区 松山1，2丁目,,日 水,木2,木4
城南区 南片江1丁目,,火 金,木1,木3
城南区 南片江2丁目,,火 金,月1,月3
城南区 南片江3～5丁目,,火 金,木1,木3
城南区 南片江6丁目,,火 金,月1,月3
城南区 友泉亭,,月 木,木3,木1
早良区 曙1，2丁目,,月 木,火1,火3
早良区 荒江2丁目,,火 金,水1,水3
早良区 荒江3丁目,,火 金,水3,水1
早良区 有田1～5丁目,,月 木,火4,火2
早良区 有田6丁目11番，12番,,日 水,火4,火2
早良区 有田6丁目上記以外,,月 木,火4,火2
早良区 有田7丁目,,月 木,火4,火2
早良区 有田8丁目18番（美室団地）,,日 水,火4,火2
早良区 有田8丁目上記以外,,月 木,火4,火2
早良区 有田団地,,日 水,火4,火2
早良区 飯倉2丁目,,日 水,金3,金2
早良区 飯倉3丁目,,日 水,木3,木1
早良区 飯倉4～7丁目,,日 水,金3,金2
早良区 飯倉8丁目,,日 水,水4,水2
早良区 大字飯場,,日 水,月2,月4
早良区 大字石釜,,日 水,月2,月4
早良区 大字板屋,,水,火3,火1
早良区 内野1～4丁目,,日 水,火2,火4
早良区 内野5～8丁目,,日 水,月2,月4
早良区 大字内野,,日 水,火2,火4
早良区 梅林6，7丁目,,月 木,水2,水4
早良区 大字梅林,,月 木,水2,水4
早良区 大字小笠木（脇山）,,日 水,月2,月4
早良区 賀茂1，2丁目,,月 木,水4,水2
早良区 賀茂3丁目,,月 木,日2,日4
早良区 賀茂4丁目,,月 木,水4,水2
早良区 小田部1～4丁目,,月 木,火3,火1
早良区 小田部5～7丁目,,月 木,木4,木2
早良区 早良1～7丁目,,日 水,火2,火4
早良区 大字椎原371～437,,日 水,火3,火1
早良区 大字椎原上記以外,,日 水,月2,月4
早良区 四箇1～4丁目,,月 木,木2,木4
早良区 四箇5，6丁目,,月 木,金2,金3
早良区 四箇田団地,,月 木,木2,木4
早良区 重留1～3丁目,,月 木,金2,金3
早良区 重留4～6丁目,,日 水,木2,木4
早良区 重留7，8丁目,,月 木,金2,金3
早良区 大字重留,,月 木,木2,木4
早良区 昭代1丁目,,火 金,火1,火3
早良区 昭代2，3丁目,,火 金,水1,水3
早良区 城西1丁目,,月 木,日1,日3
早良区 城西2，3丁目,,月 木,火1,火3
早良区 次郎丸1～6丁目,,月 木,日4,日2
早良区 祖原,,火 金,水1,水3
早良区 高取1，2丁目,,火 金,木1,木3
早良区 田隈1～3丁目,,月 木,日2,日4
早良区 田村1～3丁目,,月 木,日4,日2
早良区 田村4～7丁目,,月 木,金2,金3
早良区 大字西,,日 水,月2,月4
早良区 大字西油山,,月 木,水2,水4
早良区 大字西入部,,月 木,木2,木4
早良区 西入部1～5丁目,,月 木,木2,木4
早良区 西新1丁目,,月 木,日1,日3
早良区 西新2，3丁目,,火 金,日1,日3
早良区 西新4丁目,,月 木,日1,日3
早良区 西新5丁目 ,,火 金,日1,日3
早良区 西新6，7丁目,,火 金,月1,月3
早良区 野芥1～3丁目,,月 木,日2,日4
早良区 野芥4～8丁目,,月 木,水2,水4
早良区 大字野芥,,月 木,水2,水4
早良区 原1，2丁目,,火 金,水3,水1
早良区 原3丁目,,月 木,水3,水1
早良区 原4，5丁目,,月 木,木3,木1
早良区 原6丁目,,日 水,木3,木1
早良区 原7，8丁目,,日 水,月4,月2
早良区 原団地,,月 木,火3,火1
早良区 東入部1丁目14番～47番（早良台）,,月 木,木2,木4
早良区 東入部1丁目上記以外,,日 水,木2,木4
早良区 東入部2～8丁目,,日 水,木2,木4
早良区 藤崎1，2丁目,,火 金,木1,木3
早良区 干隈3丁目,,月 木,水4,水2
早良区 干隈4丁目,,日 水,水4,水2
早良区 干隈5，6丁目,,月 木,水4,水2
早良区 星の原団地,,日 水,月4,月2
早良区 大字曲渕,,日 水,月2,月4
早良区 南庄1～6丁目,,月 木,日3,日1
早良区 室住団地,,日 水,木4,木2
早良区 室見1～5丁目,,日 水,月3,月1
早良区 百道1～3丁目,,火 金,月1,月3
早良区 百道浜1，2丁目,,月 木,水3,水1
早良区 百道浜3，4丁目,,火 金,水4,水2
早良区 弥生1，2丁目,,火 金,月3,月1
早良区 脇山1，2丁目,,日 水,月2,月4
早良区 大字脇山,,日 水,月2,月4
西区 愛宕1丁目,,火 金,木1,木3
西区 愛宕2～4丁目,,火 金,月3,月1
西区 愛宕浜1丁目,,月 木,水3,水1
西区 愛宕浜2，3丁目,,日 水,水2,水4
西区 愛宕浜4丁目　,,月 木,水3,水1
西区 愛宕南1，2丁目,,火 金,日3,日1
西区 大字飯氏,,火 金,月4,月2
西区 大字飯盛,,月 木,水1,水3
西区 壱岐団地,,日 水,火4,火2
西区 生の松原1～4丁目,,日 水,火2,火4
西区 生松台1～3丁目,,月 木,日1,日3
西区 石丸1～3丁目,,火 金,月2,月4
西区 石丸4丁目,,月 木,月2,月4
西区 泉1～3丁目,,火 金,水4,水2
西区 今宿1～2丁目,,火 金,水3,水1
西区 今宿3丁目1番～26番，38番～41番,,火 金,水3,水1
西区 今宿3丁目27番～37番,, 月 木,水3,水1
西区 今宿青木,,火 金,水3,水1
西区 今宿上ノ原,,火 金,水3,水1
西区 今宿駅前1丁目,,火 金,水3,水1
西区 今宿東1～3丁目,,火 金,水3,水1
西区 今宿西1丁目,,月 木,水3,水1
西区 今宿町,,火 金,日4,日2
西区 今津,,火 金,木4,木2
西区 大字宇田川原 ,,火 金,月4,月2
西区 内浜1丁目6番（アーベイン四季姪浜）,,日 水,木1,木3
西区 内浜1丁目上記以外,,日 水,木2,木4
西区 内浜2丁目,,日 水,木2,木4
西区 大町団地,,日 水,木2,木4
西区 小戸1～5丁目,,日 水,金3,金2
西区 大字金武,,月 木,水1,水3
西区 上山門1～3丁目,,日 水,火1,火3
西区 北原1丁目,,日 水,日4,日2
西区 九大新町,,火 金,木3,木1
西区 大字草場,,火 金,木3,木1
西区 大字桑原,,火 金,木3,木1
西区 大字小田,,火 金,木3,木1
西区 西都1丁目,,日 水,日4,日2
西区 西都2丁目,, 月 木,日4,日2
西区 大字下山門,,日 水,火2,火4
西区 下山門団地5番2号（5-2棟），29番～48番，70番～75番,,月 木,火2,火4
西区 下山門団地1番～28番,,月 木,金2,金3
西区 下山門1～3丁目,,日 水,金2,金3
西区 下山門4丁目2番～14番,,日 水,金2,金3
西区 下山門4丁目16番～19番,,月 木,火1,火3
西区 拾六町1～4丁目,,月 木,日1,日3
西区 拾六町5丁目,,日 水,火1,火3
西区 拾六町団地,,月 木,火4,火2
西区 十郎川団地,,月 木,火3,火1
西区 城の原団地,,月 木,火1,火3
西区 大字周船寺,,火 金,月4,月2
西区 周船寺1～3丁目,,火 金,月4,月2
西区 大字千里,,火 金,月4,月2
西区 大字田,,月 木,水1,水3
西区 田尻1丁目,,火 金,水4,水2
西区 大字田尻,,火 金,水4,水2
西区 大字太郎丸,,火 金,水4,水2
西区 太郎丸1～4丁目,,火 金,水4,水2
西区 戸切1～3丁目,,火 金,水1,水3
西区 徳永北,,日 水,日4,日2
西区 大字徳永,,火 金,日4,日2
西区 豊浜1，2丁目,,日 水,月3,月1
西区 大字西浦,,火 金,木3,木1
西区 大字西入部,,月 木,水1,水3
西区 西の丘1～3丁目,,月 木,火3,火1
西区 大字野方,,火 金,水1,水3
西区 野方1丁目,,月 木,日2,日4
西区 野方2丁目1番～3番,,日 水,火4,火2
西区 野方2丁目4番～54番,,火 金,日2,日4
西区 野方3，4丁目,,火 金,日2,日4
西区 野方5丁目,,月 木,日2,日4
西区 野方6丁目23番（野方西団地）,,日 水,火3,火1
西区 野方6丁目上記以外,,月 木,火4,火2
西区 野方7丁目,,月 木,火4,火2
西区 能古,,月 木,火3,火1
西区 大字橋本,,火 金,水1,水3
西区 橋本1，2丁目,,火 金,月1,月3
西区 大字羽根戸752番地,,火 金,水1,水3
西区 大字羽根戸上記以外,,月 木,水1,水3
西区 福重1～3丁目,,火 金,月1,月3
西区 福重4丁目14番22号（ネオハイツ新室見）,,日 水,月1,月3
西区 福重4丁目上記以外,,火 金,月1,月3
西区 福重5丁目,,火 金,月1,月3
西区 福重団地,,日 水,火3,火1
西区 富士見1～3丁目,,火 金,水4,水2
西区 大字宮浦,,火 金,木3,木1
西区 女原北,,月 木,日4,日2
西区 大字女原,,火 金,日4,日2
西区 室見が丘1～3丁目,,月 木,水1,水3
西区 姪の浜1丁目,,火 金,木1,木3
西区 姪の浜2丁目7番（のむら姪浜ヒルズ）,,月 木,水2,水4
西区 姪の浜2丁目上記以外,,火 金,水2,水4
西区 姪の浜3丁目,,火 金,水2,水4
西区 姪の浜4丁目,,日 水,木1,木3
西区 姪の浜5丁目,,日 水,木2,木4
西区 姪の浜6丁目,,日 水,水2,水4
西区 姪浜駅南1～4丁目,,火 金,日3,日1
西区 大字元岡,,火 金,木3,木1
西区 元浜1～4丁目,,火 金,木3,木1
西区 横浜1～3丁目,,火 金,木4,木2
西区 大字吉武,,月 木,水1,水3
